,vitamin_d_deficiency
4271,1
3074,0
1033,0
4189,0
3472,0
884,1
2551,1
4691,0
3140,0
1696,0
2559,1
3458,0
4583,0
3181,1
770,0
2701,1
581,1
2541,1
1378,0
4649,0
594,0
1340,1
4173,1
1948,0
14,1
48,0
2629,1
4951,0
2830,0
2777,1
4285,0
2193,1
4818,1
3838,1
2311,1
460,0
583,1
33,0
1461,1
3178,0
4040,0
3450,1
3587,1
347,0
4057,0
1382,0
1672,0
1281,0
3006,0
433,0
3599,0
3314,0
3136,0
3460,0
1219,0
932,1
4899,1
2747,0
3897,1
1911,0
1315,0
1482,1
2472,1
4752,1
2784,0
1789,0
3015,0
190,1
2141,0
1721,0
2304,0
311,0
2912,1
1156,0
2966,0
1077,0
3233,1
654,0
2817,0
976,0
4146,1
95,1
3288,0
4912,0
1539,1
4943,0
2042,1
3379,0
1088,1
1160,0
4324,0
1169,1
2936,1
506,0
3843,0
4735,0
1069,1
2524,1
1368,0
441,1
1993,0
2757,0
243,0
2139,1
2235,1
1791,0
4825,0
3758,0
1656,1
3350,0
894,0
3537,0
1506,0
37,0
1572,0
1935,0
2841,1
3603,0
979,1
4533,1
2013,0
2003,0
645,0
2662,1
949,1
791,0
3573,1
3733,0
1776,0
2589,1
1992,0
2947,0
4866,1
2131,0
1402,1
385,0
2172,0
2826,0
784,0
532,0
380,1
4839,0
446,1
1954,0
1486,1
3440,0
4059,0
3848,0
155,0
108,1
4498,1
3475,0
4165,1
2140,0
3963,1
4304,0
235,1
520,0
1029,0
3451,0
2891,0
4445,0
395,1
3285,0
939,0
1907,0
3541,0
4555,1
2858,0
4294,0
4611,1
1927,0
3998,0
1437,0
3237,1
4977,1
463,1
1075,1
1680,0
2644,1
3208,0
270,0
721,0
3899,0
2128,1
4721,0
4085,0
914,0
4131,0
2889,0
1825,0
1883,1
147,0
2575,0
4154,0
4514,0
3318,1
1736,0
4286,1
4887,0
3739,1
4282,0
2313,0
4494,0
3332,1
4289,0
2153,0
4088,0
3327,0
496,0
2449,1
607,1
4931,0
3644,0
3869,0
4703,0
2989,0
4416,0
745,0
4980,0
2877,0
4175,0
3579,0
950,0
2167,0
616,0
995,0
3296,0
113,0
3895,0
640,1
257,0
2888,1
535,0
2670,1
363,0
3532,1
4447,1
4368,0
1519,0
1697,0
3253,0
4337,0
4601,0
3333,1
4559,0
1699,0
1734,1
4052,0
1746,0
1107,0
3018,1
1480,0
3704,0
400,1
779,1
1571,1
4615,1
653,0
3908,1
2088,0
2808,0
4903,0
4761,0
951,0
4225,0
1204,1
2176,1
3563,0
444,0
3597,0
122,0
4819,0
3422,1
45,1
3965,1
3747,0
2810,0
2186,0
4427,0
4188,0
3643,1
2610,0
3925,1
2341,1
1884,0
3339,1
2520,1
280,0
3198,0
4621,0
3270,1
96,0
2278,1
2802,0
3921,1
397,1
4978,0
4248,0
1846,1
1460,0
326,0
4168,0
3131,1
2381,0
3875,0
177,0
4239,0
1814,0
4348,1
2553,0
3013,0
1906,1
2374,0
2547,0
1975,1
434,0
140,0
2735,0
4433,1
2318,0
1436,1
3492,0
1229,1
392,1
718,0
2233,1
1640,0
3681,1
611,0
2027,0
1527,0
3725,1
2091,1
2521,1
4457,0
4266,1
1984,1
3711,0
3914,0
3968,0
2899,1
3577,0
1419,1
3437,0
621,0
2358,1
680,1
3126,0
4772,1
90,0
2743,0
2150,0
1302,0
3790,0
1450,0
4534,0
4372,0
4554,0
856,1
2436,0
2351,1
367,0
1545,1
642,0
3434,0
4484,0
1772,1
4254,0
76,0
2991,0
2710,1
1395,0
2917,0
673,1
3779,0
704,1
4295,1
1098,0
2372,1
1761,1
1208,0
4904,0
523,0
1360,0
277,1
4580,0
3940,0
3334,0
2158,0
1416,1
2204,1
2476,0
3855,0
4754,0
4106,1
2501,1
3469,0
2599,0
3616,0
66,0
4571,0
2845,0
650,1
3883,0
1257,0
3606,1
1778,0
1769,1
3385,0
2800,1
3939,0
17,1
4425,0
2744,0
1440,1
3521,1
3688,0
3756,0
990,0
1936,1
3791,1
2219,0
1128,1
4319,1
1438,0
970,0
4420,0
2751,0
1701,0
4872,1
2954,0
212,0
2695,1
989,1
4400,0
2143,0
3433,1
2749,0
4812,0
2442,0
4291,0
1821,0
1458,0
1840,0
1406,0
80,1
2083,1
3240,0
4572,0
135,0
3448,1
4397,0
2896,0
3637,0
1620,1
4645,0
3267,0
2523,1
2554,0
4933,0
4164,0
2046,0
1447,0
2267,0
3117,0
1449,0
2606,1
590,0
3043,0
2326,0
204,1
4490,1
4108,1
330,0
2099,1
682,1
1104,0
3371,1
3629,0
3671,0
3001,0
3792,0
4231,0
3261,0
445,1
1752,1
3903,1
3429,1
3814,0
480,1
3336,1
3879,1
2538,0
938,1
3977,0
4314,0
681,0
4778,1
892,0
3527,0
2293,0
1148,0
504,1
2776,1
4720,0
3147,0
4625,0
1956,0
3111,0
2770,0
3337,1
2475,0
2470,0
3038,1
4653,0
4203,0
959,1
1021,0
3150,0
2441,0
1559,1
3311,0
651,1
2388,1
1822,0
1686,0
4539,0
2344,1
2415,0
2711,0
3494,0
975,1
4785,0
1798,1
292,1
3008,1
165,0
3735,0
3819,1
63,0
4339,0
2807,0
1634,1
2370,0
1517,0
3686,0
4822,0
3588,1
4823,0
2660,1
4431,0
3085,0
72,1
2992,1
4162,0
3132,0
2502,0
4089,0
4496,0
596,1
4642,1
1398,0
1637,0
2919,0
1834,1
1567,0
324,0
124,1
1961,0
1879,1
1280,1
3446,1
3885,1
3866,0
2242,0
919,0
991,1
936,0
660,1
1375,0
747,0
3257,0
2251,1
578,0
1972,0
3881,1
2036,1
276,1
3173,0
141,1
1177,1
901,1
3044,1
3428,0
3816,0
3351,0
2508,0
4600,0
549,0
986,1
1222,0
303,0
4393,0
2320,0
4708,1
3548,0
4062,1
1238,1
3335,0
4138,0
2978,1
462,0
818,0
502,1
3401,1
2446,1
4585,0
1799,1
3910,0
2332,0
2921,1
26,1
4693,0
2970,0
2705,0
2988,1
2818,0
253,1
3666,0
4060,0
4454,0
2389,0
2069,1
625,0
2650,0
1802,1
2006,1
2239,0
1175,0
1270,0
1090,1
786,0
3128,0
51,0
3800,0
3625,0
1810,0
162,0
1356,0
2785,0
4242,0
2778,0
4184,0
2822,1
1381,0
1899,0
2429,0
2878,0
260,0
4613,0
3224,0
1330,0
3021,1
211,0
1639,1
2953,0
3760,0
1994,0
357,0
2827,0
1256,1
200,0
1887,0
4205,0
85,1
3837,0
679,1
4373,1
960,0
3676,0
1089,1
1064,1
4347,0
1361,0
1978,1
3389,1
3687,0
2459,1
569,0
1890,1
468,1
2648,0
4051,0
878,0
476,1
2618,0
2457,1
3660,1
612,0
286,0
1923,1
3943,1
4884,0
3078,1
2890,0
3176,0
1413,0
3308,1
3907,0
4627,0
3035,0
4853,1
1048,1
16,0
4632,0
3969,0
1931,0
4428,0
1055,0
3888,1
2510,0
2,1
2116,0
3652,0
772,0
2061,1
1189,0
4483,0
4361,0
904,0
4530,0
911,0
1605,0
87,0
3197,0
725,0
958,1
332,1
2106,1
1812,0
4515,1
2289,0
1732,1
3322,1
4905,0
1005,0
3203,0
3574,0
1072,1
3313,0
4179,0
623,1
908,0
920,0
2842,1
2166,0
296,0
742,0
1234,0
2405,1
4301,0
1487,0
2717,0
3938,1
4387,0
387,0
643,1
3357,0
2207,0
2422,0
753,1
1674,0
1650,0
2392,1
1902,0
2216,0
3293,0
1649,0
943,1
4668,0
2872,0
3622,1
1132,0
4263,0
1606,0
2223,0
769,1
3076,0
2126,0
1658,0
4008,0
4418,0
4213,0
1667,0
233,0
748,0
4043,1
4063,1
3118,0
3990,1
1668,1
4107,1
2000,0
4493,0
388,0
2530,0
64,0
4031,1
4095,0
1474,0
2377,0
821,0
1397,0
3051,0
4631,0
662,0
404,0
144,0
271,1
922,0
171,1
4971,0
4092,0
3052,0
50,0
2619,1
713,0
297,0
1334,0
88,0
4829,0
2478,0
854,0
803,1
4439,0
1399,0
1997,1
4917,0
1820,0
3989,0
4391,0
2975,0
4859,1
2616,0
926,1
2713,0
2338,0
2342,0
3165,1
1807,0
3301,0
3319,0
4462,0
1679,0
4800,0
4876,0
3156,1
4916,0
691,0
887,0
2431,0
2014,1
4768,0
1322,0
3325,0
70,1
334,1
4639,0
2483,0
118,0
173,1
972,1
4938,1
3927,0
501,1
2066,0
2724,1
3300,1
4217,1
3316,0
2317,0
339,0
4946,1
3846,1
2120,0
788,1
2180,0
4371,0
1028,0
2297,0
4369,1
2137,0
2230,1
25,0
3360,0
1425,1
1871,1
2596,0
2543,0
1896,1
3405,0
1133,1
2460,0
1046,1
4634,0
3706,0
3163,0
1747,0
1263,1
4842,0
2117,0
4525,0
3723,0
4298,0
2768,0
3774,0
35,0
2295,0
3589,0
2905,1
7,1
4414,0
4773,0
1756,0
411,1
1933,1
3839,1
4114,1
3978,0
3190,0
2617,1
3642,0
2774,0
3953,1
895,1
3973,0
2133,0
4730,0
3782,0
1759,0
3244,0
321,1
4434,0
100,0
4717,0
1763,1
3744,0
3572,1
4034,0
3069,1
2433,0
442,1
2832,0
2579,0
4103,1
1114,1
1414,0
4817,0
1687,1
633,1
3287,1
2277,0
3040,0
3041,1
2328,1
160,1
2665,0
1202,0
1481,1
2737,1
1439,0
2121,0
1547,0
4473,0
3129,0
3607,0
2927,0
4894,0
4781,0
3547,0
4596,0
2352,1
3454,0
1921,1
4614,0
2895,1
780,0
3326,0
4688,0
3876,0
548,0
169,1
3034,0
1543,0
4875,1
3634,1
1110,0
1870,0
2982,1
4968,1
3586,0
36,1
202,1
1826,0
544,1
3844,1
4974,1
3022,1
2671,0
2240,0
4602,0
1333,0
2443,0
4424,0
1588,1
4472,1
3366,0
1610,0
1007,0
4707,0
2611,0
3789,0
4345,0
4878,0
3825,0
1000,0
4605,0
562,0
56,1
2550,0
1666,1
3368,1
1251,0
2675,1
1459,0
1062,0
1403,1
3736,0
2438,0
4686,0
3719,0
1226,0
3309,0
4404,0
356,0
455,0
4757,0
648,0
2202,0
1964,0
2009,0
2480,1
2642,1
1718,0
1988,0
2198,1
2178,1
3614,0
591,1
3595,1
1294,0
4874,0
317,0
4880,0
99,1
343,1
1407,1
3979,0
832,0
526,0
3508,0
1063,0
4830,0
4728,0
2700,0
291,1
694,0
3677,0
4370,1
1740,0
3669,1
3230,0
3282,1
4099,0
4001,0
3359,0
1111,0
3933,0
4332,1
3568,0
2090,0
1101,0
1601,0
2709,0
4441,0
2779,0
1808,0
1455,0
4140,1
2346,1
3158,1
284,0
2307,1
2980,0
3962,0
3329,0
597,0
723,0
4924,0
767,1
1186,0
513,0
836,1
686,0
1683,0
241,1
1288,0
3139,0
3356,0
4852,1
899,0
1410,0
665,1
2952,0
46,0
4788,0
981,1
4689,0
3221,0
4066,0
1227,0
3491,0
1512,1
237,0
4607,0
3772,0
274,0
4396,0
2259,0
1366,0
1463,0
505,0
4340,0
252,0
4204,0
3215,1
685,0
2115,0
1974,0
944,1
4795,0
1589,1
1277,1
3635,0
304,0
4440,0
3923,0
3061,0
3390,1
1479,0
3857,0
465,1
1805,1
4081,1
4222,1
4793,0
4119,0
752,1
2604,1
2424,0
3153,0
2971,0
2545,0
2473,0
2893,1
3281,1
2910,1
4670,0
359,1
3596,1
1916,0
3464,1
4811,0
3515,0
4838,1
1600,0
4646,0
3787,0
1499,1
1959,0
1418,1
1371,0
1488,1
2281,0
4166,0
4090,1
1388,1
785,1
4402,0
3662,1
4718,0
2643,0
1228,1
3932,1
4123,0
4828,0
65,1
91,1
2308,0
4125,0
1422,0
1473,1
2450,1
4581,0
912,0
3112,0
3497,0
402,0
1627,0
1785,0
3075,0
2282,0
161,0
4169,1
4733,0
3213,0
3182,0
765,1
4606,1
1196,0
1042,0
2203,1
1602,1
2057,0
1962,1
1960,0
4100,1
1815,0
2585,1
3658,0
331,0
2646,1
1050,0
4832,1
2512,1
1290,0
3099,0
1939,0
4480,0
2179,0
3082,0
1441,1
1587,1
3896,0
487,0
3956,0
4270,0
3441,0
2040,1
2187,0
3675,0
327,0
3870,0
2667,0
3009,0
3534,0
1963,1
518,0
2337,0
3882,1
615,1
250,1
456,0
3177,0
2535,0
230,0
4636,0
3536,0
1594,1
2702,1
541,0
3522,0
1958,1
4679,0
4944,0
1828,0
2661,0
1522,0
3381,0
4331,0
2925,0
4898,0
453,1
29,1
1866,0
4283,1
637,1
1211,0
4641,0
1115,0
1476,1
941,0
2548,0
4656,0
1231,0
663,0
379,1
4759,0
1824,0
3937,0
2254,0
1224,0
2539,1
2528,0
2247,0
2875,0
1754,1
1755,0
440,0
3695,1
2134,0
4805,1
1311,0
3421,0
420,0
3265,1
2645,1
762,0
503,0
4654,0
2518,0
352,1
2330,0
154,0
2652,1
4101,1
1986,1
205,1
4300,0
3174,0
1779,1
1289,1
2266,0
903,1
4351,0
984,0
430,0
4502,0
4465,0
1058,0
2393,1
3767,0
1015,0
826,0
1793,0
1364,0
801,0
1267,0
4429,0
1245,0
1531,1
3414,0
390,0
3232,1
3303,0
3505,1
1775,0
1086,1
83,0
1144,1
4384,1
2113,0
1490,1
107,1
4537,1
1714,0
3934,0
2504,0
658,1
3749,1
2018,0
993,1
4035,0
1137,0
2679,0
2182,0
4886,0
3394,0
4506,0
2769,1
2496,0
3096,0
2275,0
4145,1
533,1
3214,1
3449,0
757,0
1194,0
1423,0
3032,0
1179,0
4619,1
1131,0
3050,0
4342,0
1996,0
538,0
2631,0
4086,0
1011,0
3241,1
4957,0
4167,1
59,0
199,0
1453,1
4334,1
4161,0
3656,0
2788,0
864,0
3815,0
1691,1
2505,0
1260,0
1335,1
1308,0
254,1
2677,0
3465,0
4002,1
1957,0
3338,1
1849,0
4079,0
3565,1
3609,0
4696,0
1892,0
3770,1
1045,0
3852,1
3641,0
3728,0
2160,0
2708,0
2566,0
816,0
1249,0
659,1
2738,0
4211,0
761,1
2310,0
3499,0
4624,1
4831,0
2873,1
687,0
3484,1
3738,1
2497,0
1604,0
2194,0
4546,0
493,0
1929,1
2290,0
2394,1
3721,1
3834,0
2561,0
3191,0
1664,0
4193,0
4507,1
3935,0
3557,0
84,1
19,1
4149,0
3759,0
2076,0
2452,0
3204,0
4579,0
176,0
4236,1
3280,0
2220,0
264,1
1443,0
3886,1
2373,1
2885,1
4186,0
1641,0
4714,1
415,0
1819,1
4489,0
2400,0
3585,0
4698,1
3094,0
1172,1
2209,0
2356,1
988,0
4192,0
307,1
1652,1
4918,0
709,0
414,1
1085,0
866,0
3498,1
4824,1
4569,0
1560,0
870,1
1743,1
917,1
68,1
4097,0
4612,0
846,1
226,0
1818,0
3683,0
298,0
4598,1
3039,0
1025,0
313,1
3444,1
22,0
4908,1
4195,0
3234,0
4630,1
1240,1
2557,0
4955,1
3991,0
4969,0
2955,0
129,1
4909,0
3942,0
2081,1
3529,1
4135,0
2995,1
900,1
1787,0
1332,0
2542,0
2094,0
1881,0
4952,0
4806,1
3479,1
2594,0
4796,0
3657,0
845,1
1468,0
2918,0
575,0
4783,0
3358,1
3712,1
3272,0
20,1
4776,0
4867,0
1318,0
2196,0
218,0
2634,0
4482,1
11,1
3930,0
187,1
2973,0
804,0
1540,0
214,0
3378,0
3734,0
1771,0
1109,1
4770,0
2600,0
1955,1
2655,1
4915,0
847,0
4620,1
609,0
3931,0
624,0
4056,0
2959,0
3975,0
498,0
1342,0
1002,0
2572,0
3705,0
1655,1
4381,0
1873,0
3542,0
2444,1
3713,1
3259,1
2840,0
21,1
9,1
3608,0
702,0
4152,0
717,1
1633,1
4547,0
3639,0
393,0
947,1
3626,1
3031,0
2894,1
3950,0
383,0
4450,1
2972,1
699,1
2692,0
3650,0
1990,1
1700,0
2506,1
1557,0
2852,0
4682,0
849,0
4220,0
2364,0
4073,0
778,0
1246,1
2169,0
1790,0
4963,0
3619,1
4226,1
2234,1
1564,1
2390,0
2748,0
2726,0
1081,1
644,0
4561,0
1275,1
593,0
1989,0
2147,0
2130,0
4929,0
325,1
2325,0
963,1
1905,0
1123,1
2314,0
3409,1
464,0
1026,1
741,0
1037,1
1255,0
197,0
3833,0
49,0
2582,0
148,0
3514,0
375,0
194,0
3286,0
3781,0
2205,0
3971,1
69,0
3274,0
1865,0
1203,0
4120,0
4495,0
1875,0
1632,1
1435,1
4310,0
3228,0
3485,1
209,1
2385,0
1390,0
399,0
2907,1
3271,0
515,0
987,1
4535,1
57,0
3354,0
4069,0
844,1
4116,0
34,1
1497,0
1242,1
3840,0
4922,0
3218,0
3611,0
1236,0
4259,0
720,0
4223,0
4139,1
4731,1
2783,0
1184,0
3248,0
4577,0
2963,0
4093,0
3636,0
295,0
1043,0
1299,0
2020,0
2417,0
3555,0
3045,1
232,0
2911,0
2903,1
2296,1
4346,0
261,0
338,0
4734,0
2303,0
3023,0
3423,0
2493,0
3822,0
163,1
1180,0
2214,1
3617,0
2365,0
2435,1
2752,0
172,1
1715,1
2682,1
848,0
1149,1
935,1
4722,0
4667,0
3575,1
1282,0
2560,0
1273,1
1731,0
1103,0
4219,0
2503,0
2753,0
4814,1
247,0
529,1
2732,1
2536,0
833,0
413,0
1444,0
4676,1
1500,0
4297,0
1113,0
1162,1
115,1
873,0
422,1
1059,1
1837,0
2058,1
2479,1
4078,0
3999,0
481,1
3235,1
4153,0
2939,0
79,1
4023,0
2641,0
777,0
3133,0
1937,1
1068,1
4797,0
921,0
4264,0
3874,0
2689,0
195,0
429,0
2624,0
2884,1
3801,0
1690,0
1092,0
4127,1
563,0
6,0
1212,1
114,1
4296,0
2125,0
2613,1
4877,0
1859,1
2719,0
2263,1
2248,0
744,0
396,0
1295,0
4255,1
2375,0
542,0
3340,0
1550,1
4446,0
4764,1
159,1
2047,0
2608,1
2022,0
1642,1
4628,0
3263,0
3283,1
3027,0
3377,0
1070,1
3055,0
458,0
3550,0
4253,1
961,1
4512,0
2824,0
2028,1
2558,0
571,0
4792,0
2038,0
1312,0
2097,0
3672,0
568,0
4475,1
1584,1
1165,0
3549,0
734,1
3764,0
222,0
1052,0
4854,1
2949,1
1261,0
773,0
4471,0
2149,1
1611,0
2909,1
2881,1
4245,0
628,0
1316,0
1157,0
2280,1
3155,0
3114,0
3353,0
2592,1
3445,0
3513,0
4277,1
246,1
527,0
3005,0
4408,0
3227,0
3397,0
4068,0
4932,0
2059,0
4923,1
3103,0
1745,0
4930,1
4015,1
4071,1
355,1
3425,0
812,0
73,1
3847,1
1448,0
3068,0
4961,1
1034,0
3199,0
632,1
2447,0
2678,1
1563,0
394,0
3242,1
2994,0
4251,0
336,0
3003,0
1067,1
2025,1
701,1
698,0
554,0
3019,0
3828,0
2516,0
500,1
2792,1
3443,1
1885,0
4914,0
2109,0
3682,1
240,0
3600,0
2145,1
4142,0
2412,0
1719,0
890,1
4677,0
4070,0
378,1
4054,1
2387,0
3142,0
1044,1
1558,0
4501,0
4779,0
2638,0
2880,0
969,0
2465,0
4010,0
622,0
2829,0
1116,0
1998,0
2863,1
13,0
3941,0
44,1
1783,1
977,0
1125,1
1501,1
2519,0
2498,1
471,0
4178,0
2517,0
1521,0
333,0
1427,1
4820,0
4738,1
2074,1
1348,0
2246,0
1429,0
3748,1
418,0
4341,0
1648,0
2901,0
1991,0
1471,0
2264,1
2004,0
2340,0
1694,0
4238,1
495,0
4863,0
4150,0
1573,0
2423,1
3780,1
269,0
872,0
3194,0
1711,1
3523,0
4973,0
1786,0
2657,0
3972,0
556,1
3709,1
1200,1
3853,0
4550,0
191,0
3546,0
1800,0
2938,1
3859,0
1934,0
2050,0
175,1
136,1
2588,1
1265,0
3295,1
472,0
364,0
3243,0
3083,1
1764,1
3878,0
2285,0
203,1
3911,0
362,1
2656,1
2874,0
4553,0
1922,0
4540,0
3964,0
449,0
1856,1
3331,1
2391,0
743,0
3125,0
1768,0
4390,1
2997,1
3502,0
3743,1
2190,0
266,0
4109,0
4531,0
4011,1
3135,1
629,0
1223,0
138,1
766,0
102,1
4367,0
521,0
3510,1
299,0
2331,1
4509,0
4353,0
2049,0
166,0
117,0
2249,0
3205,0
1925,0
337,1
1965,0
2733,0
4284,0
2031,0
2835,0
1008,0
3391,0
405,0
1310,1
4191,1
4862,1
954,1
2790,1
2309,1
2419,0
889,0
4322,0
3776,1
470,1
4661,0
24,1
3025,0
4019,0
2546,1
439,1
283,0
3520,1
1693,0
4766,1
3836,1
2563,0
2461,1
3164,0
1811,0
1040,0
869,0
4275,0
3400,1
639,1
831,1
3539,0
249,1
3826,0
1782,0
2468,0
3872,1
3109,1
1758,1
4410,0
1552,0
2584,1
3909,1
4157,0
4715,0
2336,0
2122,1
877,0
576,0
4281,1
805,0
1647,0
796,0
764,0
4308,0
1748,1
586,0
4716,1
1541,1
641,0
39,0
1535,1
3436,1
1193,0
4959,0
3195,1
3373,1
4497,0
516,0
2439,0
2706,0
1838,1
1646,0
2612,1
2754,0
2287,0
4121,0
2672,1
1409,0
978,1
3159,0
3056,0
4724,1
3750,0
3417,1
4438,1
2052,1
4252,0
3645,0
4570,1
2148,0
3415,0
3731,1
3506,1
3249,1
4058,1
1607,0
1306,0
1243,1
2636,0
186,0
2217,0
184,0
4786,1
3398,0
4975,0
2745,1
3823,0
3985,1
561,1
192,0
3504,1
842,0
1636,1
2146,0
4934,1
997,0
2104,0
547,0
3184,1
4651,1
2421,1
1901,0
3649,1
3697,1
3306,1
1586,0
2871,0
3751,0
797,0
955,1
1644,0
3095,0
288,0
478,0
1893,1
2781,0
89,1
3104,0
389,0
2300,0
1271,1
4798,0
1493,0
103,0
1677,0
2335,0
1241,1
4702,0
3690,0
1780,1
3945,0
3079,0
4102,0
731,1
897,0
1138,0
436,0
4172,1
3981,1
758,0
672,0
3483,0
2110,0
1221,1
4520,1
1579,1
2806,0
2766,1
3452,1
2321,0
3349,0
1857,0
923,1
2063,1
567,0
1314,0
3775,1
4687,0
722,0
4662,0
1009,0
2798,0
3873,1
196,0
3489,1
2366,1
3312,0
776,0
2839,0
511,0
902,0
4421,0
2451,0
273,1
1020,0
3722,1
2345,1
4478,0
4136,0
290,1
2720,1
2854,1
4129,0
251,0
807,1
1393,0
188,0
2211,0
4249,0
1354,0
419,0
783,0
4256,0
3538,1
3260,1
351,1
4413,0
3591,1
2298,1
3380,0
3416,0
3251,1
3992,0
635,0
3105,1
4412,0
1014,1
3059,0
1065,0
1903,0
4235,0
1324,1
1987,0
2649,0
4280,0
2165,1
3507,0
4087,1
2329,0
811,0
1509,0
952,0
3654,1
2401,0
806,0
2489,0
3323,0
2586,0
3456,1
3024,1
2453,0
2159,1
814,0
2869,0
1495,1
1365,1
2736,0
3519,0
2333,0
4758,0
4133,0
1195,1
4709,1
4374,0
2833,0
3200,0
1049,0
2484,0
3906,1
2796,0
2426,0
3566,1
1248,0
31,0
4685,0
759,1
3149,1
3026,0
4960,0
1904,1
3570,0
4902,1
2730,1
1698,0
968,0
3980,1
281,0
3867,0
4901,0
2722,0
4745,0
3820,0
4618,0
2900,0
510,1
3063,1
2458,0
2174,1
1339,0
3805,1
1305,0
3108,0
3742,0
1415,0
1057,1
3222,0
3482,1
555,0
4005,0
4740,0
3860,0
1630,1
152,1
3002,0
606,0
2208,0
182,1
2270,0
573,1
4449,0
4316,0
143,0
3500,0
3861,1
4739,0
522,0
3762,0
4458,0
1445,0
1897,1
580,0
3898,0
2851,0
3254,1
3372,0
1470,1
3970,0
1096,1
1971,0
4906,0
732,0
4241,1
1039,0
3148,0
2847,0
4094,0
850,0
4791,0
3949,0
1946,0
1724,1
1099,1
1629,0
2837,0
2138,0
67,0
1166,1
4508,1
1159,1
2224,0
4548,0
4202,0
1215,0
3769,0
3612,0
2887,0
3698,0
898,0
524,0
4616,0
4064,1
1638,0
851,0
1592,0
1142,0
1102,0
3984,0
340,0
4658,1
3818,1
3264,0
4742,0
3757,1
2404,0
577,0
2261,0
309,0
3384,1
4451,0
1502,0
799,0
3036,1
1035,0
4588,1
4113,0
156,0
4690,0
1,0
344,1
2729,0
733,1
3388,1
1979,0
1530,1
2742,0
2189,1
4565,0
2771,0
4130,0
1794,0
1442,1
4847,1
3123,1
4599,0
486,0
3960,0
876,1
1321,0
3729,1
3802,0
4647,0
4603,0
3605,0
1389,1
751,1
735,0
4801,0
1105,0
401,0
4017,0
3217,0
289,0
306,0
1847,0
2408,1
1684,1
2129,1
3628,1
719,0
605,1
3516,0
1599,0
983,0
2098,1
2741,0
2067,1
1297,0
2507,1
1882,0
3113,1
4891,0
689,0
3753,0
78,0
1914,1
891,1
1705,1
1673,0
3584,0
746,1
1127,1
918,0
2464,1
1619,0
3717,0
3086,0
509,1
1663,0
2691,0
3064,0
4171,1
4210,1
1999,0
4302,0
1112,1
4705,0
1966,0
2902,0
886,0
2725,0
560,0
1362,1
345,0
2033,0
3902,0
2463,0
3624,0
2933,0
2044,0
2322,0
2996,0
4467,0
740,0
1518,0
3664,0
4022,0
423,0
4871,1
4782,0
2437,0
610,1
1590,1
3098,0
1717,0
1061,0
3229,1
1520,0
3806,0
3987,0
4826,0
652,0
2096,0
3926,0
4426,0
1616,0
4329,0
285,0
603,0
690,0
4176,0
3252,1
1708,1
994,0
1788,1
2380,1
2791,1
2430,0
3829,0
1877,0
1377,1
4744,0
3726,0
3858,1
1863,1
2848,0
30,1
1296,0
1146,0
4234,0
3089,0
1430,0
3298,0
2155,0
2359,0
2292,1
553,0
3917,0
2574,0
127,0
3188,0
2904,0
4096,0
3845,0
4208,1
551,1
4486,1
540,0
4488,0
1006,1
2529,0
132,0
4706,0
2487,1
27,1
4965,0
2399,1
1484,0
619,0
2257,0
1709,1
2549,1
3116,0
1106,0
4456,0
2772,0
131,1
109,0
4593,0
546,0
4330,0
3495,0
4556,0
1681,0
3830,0
322,1
671,1
4573,1
3396,0
2595,0
634,1
618,0
604,0
2154,0
3408,0
110,1
3477,1
4261,0
4937,0
3320,0
1344,1
4869,1
1205,1
2924,0
880,0
3268,0
4870,0
3355,1
4037,1
2850,1
4143,0
4519,1
2488,0
3929,0
4230,0
4466,0
3699,1
2805,0
2815,1
2271,0
1551,0
795,0
1408,0
2407,0
2206,0
1412,0
2086,0
3679,1
2591,0
1581,1
1544,0
608,0
712,0
2761,1
1135,0
4417,0
4299,0
360,0
4557,1
2750,0
582,0
3982,1
2023,1
940,0
1710,0
3478,0
564,0
614,0
1651,0
684,1
310,0
3020,0
236,1
916,1
4053,1
2402,0
3185,1
537,1
3580,1
3988,0
2228,0
1596,0
3012,0
2291,1
4748,0
819,1
3646,0
1341,1
497,0
3919,1
2432,0
2567,0
2658,0
1773,1
3030,0
3143,1
782,0
3057,0
2853,0
2135,1
3310,1
4170,0
4126,1
4033,0
2825,0
4265,0
1024,0
4821,1
2984,0
4118,0
3048,1
1848,1
42,0
94,0
1574,0
4455,0
1626,0
1504,0
1074,1
2357,1
1353,1
4187,0
2379,0
3256,0
3486,0
3754,0
3864,0
1350,0
4032,0
4470,0
1515,1
3410,0
1608,1
3470,0
1508,0
424,1
2039,0
382,1
539,0
1712,1
3033,0
726,1
2534,1
168,0
4527,0
2789,0
507,0
450,1
3146,0
1836,1
1643,0
1720,1
3406,0
4541,1
1930,0
4551,0
3488,0
1569,0
4196,1
4021,0
2471,0
2602,0
3077,0
2312,1
2238,0
403,0
3080,0
861,1
2593,1
1854,0
3097,0
3239,0
4913,0
1145,1
859,0
1622,0
2164,1
4942,1
2362,0
4111,0
2654,0
1284,0
1524,0
584,1
790,1
808,1
4967,0
1895,0
736,0
1977,0
1454,1
3180,0
2406,0
2486,0
737,0
1309,1
4890,0
4756,1
1981,1
4076,1
2222,0
4046,0
1022,0
980,0
2985,0
1976,0
370,1
2024,0
557,1
4564,0
2274,1
2552,1
2181,0
121,0
305,1
1478,0
670,0
1669,1
823,1
2931,1
3884,0
1225,1
1739,0
2509,0
3231,0
4190,1
4637,1
2799,0
3976,0
146,0
1660,1
4726,0
1980,0
2898,0
1546,0
948,0
1845,0
2383,0
54,1
1428,0
617,0
1525,0
4055,1
1237,0
3376,0
2928,0
3518,0
4422,1
4522,0
483,1
2956,1
4542,0
3561,0
2944,0
4774,0
1278,1
2466,0
3447,0
4117,0
3602,1
1209,0
1706,1
366,0
2410,0
2105,0
2142,1
2010,1
3330,0
4737,0
3413,0
4808,1
4802,0
3613,1
3766,1
4850,0
1247,0
2663,1
4549,1
4009,1
315,0
2803,1
474,0
1860,0
2409,1
316,0
1612,1
2756,1
3049,1
2284,0
2226,0
4674,1
1864,0
1130,1
4767,1
3370,0
1017,1
2118,0
4430,0
668,0
2260,0
781,1
3152,0
2514,1
4893,0
817,1
287,1
971,0
174,0
3594,0
4320,0
1888,0
2349,0
2255,1
3120,0
1301,1
221,1
2035,1
1494,0
4350,0
4928,1
3745,0
4050,0
3986,1
238,0
3344,0
3011,1
3865,0
3216,1
4684,0
4080,0
4683,1
3842,0
2353,0
1126,0
2932,0
1830,0
2127,1
2499,0
2232,0
2526,1
3811,1
3668,1
4727,0
3463,0
3554,0
1426,1
2734,1
2515,1
4920,0
1801,0
3145,0
1750,1
2367,1
4311,1
1900,0
3476,0
3053,0
4243,0
2213,0
1689,0
2630,1
585,0
3674,0
2607,0
3212,0
2694,0
2262,1
2834,1
3037,1
4749,1
2763,0
451,0
3894,1
1483,1
4981,0
992,1
4325,0
4604,1
3046,1
4221,1
1141,1
2979,1
1079,0
2185,1
2073,0
3346,1
482,1
1766,0
579,1
2162,0
749,1
1252,0
3509,0
494,0
4521,0
1266,0
2577,0
386,0
933,0
3794,1
2721,1
2986,0
3707,1
1030,1
2491,1
2360,0
2712,0
328,0
3386,1
341,0
929,1
346,1
750,0
